{"cameraMode":{"drawMode":0,"name":"Shaded","section":"Shading Mode"},"sceneLighting":true,"audioPlay":false,"sceneViewState":{"showFog":true,"showMaterialUpdate":false,"showSkybox":true,"showFlares":true,"showImageEffects":true,"showParticleSystems":true},"in2DMode":false,"pivot":{"x":-8.470585823059082,"y":0.6199489235877991,"z":19.513172149658204},"rotation":{"x":-0.15650568902492524,"y":0.16129381954669953,"z":-0.025915153324604036,"w":-0.9740753173828125},"size":3.0849344730377199,"orthographic":false}